Model,RMSE,R2 Score
Lineer Regresyon,72.01989651984874,0.9017956649498773
Model 1 (Shallow),154.12231619276037,0.5502649583579095
Model 2 (Deep),90.1090934072276,0.8462684826365361
